Assembly_Id	Assembly_Name	Parliamentary_Name	Issue	Issue_Score
100	BARAULI	GOPALGANJ	CRIME	6
100	BARAULI	GOPALGANJ	DEVELOPMENT	5
100	BARAULI	GOPALGANJ	COMMUNAL POLARISATION 	8
100	BARAULI	GOPALGANJ	CORRUPTION	7
100	BARAULI	GOPALGANJ	FLOOD	5
99	BAIKUNTHPUR	GOPALGANJ	FLOOD	6
99	BAIKUNTHPUR	GOPALGANJ	DEVELOPMENT	6
99	BAIKUNTHPUR	GOPALGANJ	CRIME	5
99	BAIKUNTHPUR	GOPALGANJ	CORRUPTION	7
99	BAIKUNTHPUR	GOPALGANJ	CASTE POLARISTION	7
101	GOPALGANJ	GOPALGANJ	TRAFIC	8
101	GOPALGANJ	GOPALGANJ	FLOOD	6
101	GOPALGANJ	GOPALGANJ	CRIME	6
101	GOPALGANJ	GOPALGANJ	CASTE POLARISATION	8
102	KUCHAIKOTE	GOPALGANJ	FLOOD	7
102	KUCHAIKOTE	GOPALGANJ	CRIME	8
102	KUCHAIKOTE	GOPALGANJ	DEVELOPMENT      	6
102	KUCHAIKOTE	GOPALGANJ	CORRUPTION	8
102	KUCHAIKOTE	GOPALGANJ	SANSAMUSA (SUGAR MILLS)	8
103	BHOREY	GOPALGANJ	CRIME	8
103	BHOREY	GOPALGANJ	DEVELOPMENT	5
103	BHOREY	GOPALGANJ	CORRUPTION	6
103	BHOREY	GOPALGANJ	POVERTY	8
104	HATHUA	GOPALGANJ	SUGAR MILLS	8
104	HATHUA	GOPALGANJ	DEVELOPMENT	6
104	HATHUA	GOPALGANJ	CORRUPTION	5
110	BARHARIA	SIWAN	CORRUPTION	5
110	BARHARIA	SIWAN	DEVELOPMENT	6
110	BARHARIA	SIWAN	CASTE POLARISATIOM	8
111	GORIAKOTHI	MAHARAJGANJ	DEVELOPMENT	8
111	GORIAKOTHI	MAHARAJGANJ	CRIME	5
112	MAHARAJGANJ	MAHARAJGANJ	MAKING DISTRICTS OF MAHARAJGANJ	10
112	MAHARAJGANJ	MAHARAJGANJ	DEVELOPMENT	6
112	MAHARAJGANJ	MAHARAJGANJ	CRIME	8
112	MAHARAJGANJ	MAHARAJGANJ	CASTE	8
112	MAHARAJGANJ	MAHARAJGANJ	CORRUPTION	6
109	DARAUNDHA	SIWAN	CASTE	6
109	DARAUNDHA	SIWAN	CRIME	7
109	DARAUNDHA	SIWAN	DEVELOPMENT	7
108	RAGHUNATHPUR	SIWAN	CRIME	5
108	RAGHUNATHPUR	SIWAN	DEVELOPMENT	6
108	RAGHUNATHPUR	SIWAN	CORRUPTION	6
108	RAGHUNATHPUR	SIWAN	CASTE POLARISATION	8
108	RAGHUNATHPUR	SIWAN	COMMUNAL POLARISATION 	8
107	DARAULI	SIWAN	CRIME	8
107	DARAULI	SIWAN	POVERTY	7
107	DARAULI	SIWAN	CASTE POLARISATION	5
107	DARAULI	SIWAN	CORRUPTION	7
107	DARAULI	SIWAN	DEVELOPMENT       	7
106	ZIRADEI	SIWAN	DEVELOPMENT	8
106	ZIRADEI	SIWAN	CRIME	7
106	ZIRADEI	SIWAN	CORRUPTION	7
105	SIWAN	SIWAN	TRAFIC	8
105	SIWAN	SIWAN	DEVELOPMENT	6
105	SIWAN	SIWAN	CORRUPTION	8
105	SIWAN	SIWAN	DALIT CASTE	6
105	SIWAN	SIWAN	COMMUNAL POLARISATION 	8
116	TARAIYA	MAHARAJGANJ	DEVELOPMENT	8
116	TARAIYA	MAHARAJGANJ	CORRUPTION	8
115	BANIAPUR	MAHARAJGANJ	CASTE	8
115	BANIAPUR	MAHARAJGANJ	CANDIDATE	6
115	BANIAPUR	MAHARAJGANJ	CORRUPTION	5
115	BANIAPUR	MAHARAJGANJ	POVERTY	8
122	SONEPUR	SARAN	FLOOD	8
122	SONEPUR	SARAN	DEVELOPMENT	6
122	SONEPUR	SARAN	CRIME	6
122	SONEPUR	SARAN	POVERTY	5
114	MANJHI	MAHARAJGANJ	DEVELOPMENT	7
114	MANJHI	MAHARAJGANJ	CRIME	5
114	MANJHI	MAHARAJGANJ	CANDIDATE	6
114	MANJHI	MAHARAJGANJ	CORRUPTION	8
120	AMNOUR	SARAN	DEVELOPMENT	5
120	AMNOUR	SARAN	CRIME	6
120	AMNOUR	SARAN	CASTE	8
121	PARSA	SARAN	POVERTY	8
121	PARSA	SARAN	CASTE	5
121	PARSA	SARAN	DEVELOPMENT	7
117	MARHAURA	SARAN	CASTE	8
117	MARHAURA	SARAN	DEVELOPMENT	5
117	MARHAURA	SARAN	CRIME	6
117	MARHAURA	SARAN	POVERTY	5
113	EKMA	MAHARAJGANJ	DEVELOPMENT	7
113	EKMA	MAHARAJGANJ	CASTE	5
113	EKMA	MAHARAJGANJ	CANDIDATE	8
119	GARKHA	SARAN	DEVELOPMENT	7
119	GARKHA	SARAN	POVERTY	6
119	GARKHA	SARAN	CASTE	8
118	CHAPRA	SARAN	DEVELOPMENT	6
118	CHAPRA	SARAN	CLEANESS	6
118	CHAPRA	SARAN	CASTE	8
118	CHAPRA	SARAN	CRIME	7
78	KUSHESHWAR ASTHAN	SAMASTIPUR	FLOOD	9
78	KUSHESHWAR ASTHAN	SAMASTIPUR	DRINKING WATER	7
78	KUSHESHWAR ASTHAN	SAMASTIPUR	PERFORMANCE OF STATE GOVERNMENT	4
78	KUSHESHWAR ASTHAN	SAMASTIPUR	TRANSPORT	7
78	KUSHESHWAR ASTHAN	SAMASTIPUR	HEALTH SERVICES	7
79	GAURA BAURAM	DARBHANGA	FLOOD	8
79	GAURA BAURAM	DARBHANGA	DEVELOPMENT IN LAST 5 YEARS        	4
79	GAURA BAURAM	DARBHANGA	CASTE POLARISTION	8
79	GAURA BAURAM	DARBHANGA	ROAD	6
79	GAURA BAURAM	DARBHANGA	CORRUPTION	6
80	BENIPUR	DARBHANGA	DRINKING WATER	6
80	BENIPUR	DARBHANGA	CASTE POLARISTION	4
80	BENIPUR	DARBHANGA	EDUCATION	5
80	BENIPUR	DARBHANGA	HEALTH SERVICES	7
81	ALINAGAR	DARBHANGA	FLOOD	8
81	ALINAGAR	DARBHANGA	BRIDGE OVER BHUTAHI BALAN RIVER	8
81	ALINAGAR	DARBHANGA	TRANSPORT	5
81	ALINAGAR	DARBHANGA	POVERTY	6
81	ALINAGAR	DARBHANGA	EMPLOYMENT GROWTH	7
82	DARBHANGA RURAL	DARBHANGA	DRINKING WATER	7
82	DARBHANGA RURAL	DARBHANGA	FLOOD	5
82	DARBHANGA RURAL	DARBHANGA	BRIDGE	5
82	DARBHANGA RURAL	DARBHANGA	EMPLOYMENT GROWTH	6
83	DARBHANGA	DARBHANGA	CASTE POLARISTION	7
83	DARBHANGA	DARBHANGA	ELECTRICITY	6
83	DARBHANGA	DARBHANGA	EMPLOYMENT GROWTH	7
83	DARBHANGA	DARBHANGA	ROAD	7
84	HAYAGHAT	SAMASTIPUR	FLOOD	7
84	HAYAGHAT	SAMASTIPUR	CASTE POLARISTION	5
84	HAYAGHAT	SAMASTIPUR	DEVELOPMENT IN LAST 5 YEARS        	6
84	HAYAGHAT	SAMASTIPUR	ELECTRICITY	6
85	BAHADURPUR	DARBHANGA	DEVELOPMENT	6
85	BAHADURPUR	DARBHANGA	ROAD	7
85	BAHADURPUR	DARBHANGA	EDUCATION	6
85	BAHADURPUR	DARBHANGA	EMPLOYMENT GROWTH	6
85	BAHADURPUR	DARBHANGA	CORRUPTION	6
86	KEOTI	MADHUBANI	IMAGE OF THE CANDIDATE	6
86	KEOTI	MADHUBANI	CASTE POLARISTION	7
86	KEOTI	MADHUBANI	DEVELOPMENT	6
86	KEOTI	MADHUBANI	FLOOD	6
87	JALE	MADHUBANI	FLOOD	7
87	JALE	MADHUBANI	EDUCATION	6
87	JALE	MADHUBANI	PERFORMANCE OF STATE GOVERNMENT	6
87	JALE	MADHUBANI	EMPLOYMENT GROWTH	5
31	HARLAKHI	MADHUBANI	FLOOD	8
31	HARLAKHI	MADHUBANI	ELECTRICITY	6
31	HARLAKHI	MADHUBANI	DEVELOPMENT  	5
31	HARLAKHI	MADHUBANI	ROAD	6
31	HARLAKHI	MADHUBANI	HEALTH SERVICES	5
32	BENIPATTI	MADHUBANI	FLOOD	7
32	BENIPATTI	MADHUBANI	ROAD	6
32	BENIPATTI	MADHUBANI	ELECTRICITY	6
32	BENIPATTI	MADHUBANI	EDUCATION	6
32	BENIPATTI	MADHUBANI	CORRUPTION	5
33	KHAJAULI	JHANJHARPUR	FLOOD	6
33	KHAJAULI	JHANJHARPUR	BACKWARDNESS	7
33	KHAJAULI	JHANJHARPUR	PROBLEM OF IRRIGATION	7
33	KHAJAULI	JHANJHARPUR	TRANSPORT	5
34	BABUBARHI	JHANJHARPUR	IRRIGATION	6
34	BABUBARHI	JHANJHARPUR	DRINKING WATER	6
34	BABUBARHI	JHANJHARPUR	ELECTRICITY	5
34	BABUBARHI	JHANJHARPUR	DEVELOPMENT IN LAST 5 YEARS               0 - 10             	6
35	BISFI	MADHUBANI	COMMUNAL POLARISATION 	8
35	BISFI	MADHUBANI	POVERTY	6
35	BISFI	MADHUBANI	EMPLOYMENT GROWTH	6
35	BISFI	MADHUBANI	CORRUPTION	5
35	BISFI	MADHUBANI	TRANSPORT	6
36	MADHUBANI	MADHUBANI	FLOOD	6
36	MADHUBANI	MADHUBANI	DEVELOPMENT IN LAST 5 YEARS               0 - 10             	7
36	MADHUBANI	MADHUBANI	DRINKING WATER	5
37	RAJNAGAR	JHANJHARPUR	BRIDGE OVER KAMLA RIVER	8
37	RAJNAGAR	JHANJHARPUR	DRINKING WATER	5
37	RAJNAGAR	JHANJHARPUR	IRRGATION	6
37	RAJNAGAR	JHANJHARPUR	VIOLENCE	5
38	JHANJHARPUR	JHANJHARPUR	DRINKING WATER	6
38	JHANJHARPUR	JHANJHARPUR	ROAD & TRANSPORT	7
38	JHANJHARPUR	JHANJHARPUR	BACKWARDNESS	7
38	JHANJHARPUR	JHANJHARPUR	CORRUPTION	6
39	PHULPARAS	JHANJHARPUR	FLOOD	6
39	PHULPARAS	JHANJHARPUR	DEVELOPMENT	5
39	PHULPARAS	JHANJHARPUR	ROAD	6
39	PHULPARAS	JHANJHARPUR	CORRUPTION	6
40	LAUKAHA	JHANJHARPUR	BRIDGE OVER BHUTAHI BALAN RIVER	8
40	LAUKAHA	JHANJHARPUR	EDUCATION	6
40	LAUKAHA	JHANJHARPUR	BASIC INFRASTRUCTURE	7
40	LAUKAHA	JHANJHARPUR	DRINKING WATER	7
23	RIGA	SHEOHAR	DEMAND TO DECLEAR IT AS INDUSTRIAL STATE	7
23	RIGA	SHEOHAR	SUGAR MILL	6
23	RIGA	SHEOHAR	DEMAND TO ESTABLISH AGGRICULTURAL BASEC INDUSTRIES	7
23	RIGA	SHEOHAR	DRINKING WATER	6
23	RIGA	SHEOHAR	TRANSPORT	6
24	BATHNAHA	SITAMARHI	SECURITY ISSUES WITH NEPAL BORDER	7
24	BATHNAHA	SITAMARHI	BACKWARDNESS	6
24	BATHNAHA	SITAMARHI	FLOOD	6
24	BATHNAHA	SITAMARHI	ROAD	6
24	BATHNAHA	SITAMARHI	CORRUPTION	6
25	PARIHAR	SITAMARHI	ELECTRICITY	7
25	PARIHAR	SITAMARHI	DRINKING WATER MISSING	6
25	PARIHAR	SITAMARHI	PERFORMANCE OF STATE GOVERNMENT	7
26	SURSAND	SITAMARHI	FLOOD BY ADWARA GROUP RIVER	6
26	SURSAND	SITAMARHI	ELECTRICITY	5
26	SURSAND	SITAMARHI	DRINKING WATER	6
26	SURSAND	SITAMARHI	ROAD	6
27	BAJPATTI	SITAMARHI	POVERTY	7
27	BAJPATTI	SITAMARHI	FLOOD	5
27	BAJPATTI	SITAMARHI	IGNORENCE	7
27	BAJPATTI	SITAMARHI	TRANSPORT	6
28	SITAMARHI	SITAMARHI	SANITATION PROBLEM	6
28	SITAMARHI	SITAMARHI	ELECTRICITY	8
28	SITAMARHI	SITAMARHI	SECURITY ISSUES WITH NEPAL BORDER	7
28	SITAMARHI	SITAMARHI	DEVELOPMENT IN LAST 5 YEARS BY LOCAL MLA      	7
29	RUNNISAIDPUR	SITAMARHI	BROKEN EMBANKMENT WITH EFFECT 50000 PEOPLE LAST YEAR	7
29	RUNNISAIDPUR	SITAMARHI	MOST FLOODED AREA OF THE CITY	6
29	RUNNISAIDPUR	SITAMARHI	VERY BACKWARD AREA	7
29	RUNNISAIDPUR	SITAMARHI	TRANSPORT	5
30	BELSAND	SHEOHAR	FLOOD	6
30	BELSAND	SHEOHAR	PROBLEM OF REHEBALITATION	5
30	BELSAND	SHEOHAR	NAXILITE	6
30	BELSAND	SHEOHAR	ELECTRICITY	6
30	BELSAND	SHEOHAR	EMPLOYMENT GROWTH	6
155	KAHALGAON	BHAGALPUR	CASTE	10
155	KAHALGAON	BHAGALPUR	NTPC ISSUE	2
156	BHAGALPUR	BHAGALPUR	CASTE	10
156	BHAGALPUR	BHAGALPUR	COMMUNALISM	10
158	NATHNAGAR	BHAGALPUR	CASTE	10
158	NATHNAGAR	BHAGALPUR	BUNKAR PROBLEM	4
158	NATHNAGAR	BHAGALPUR	COMMUNALISM	8
159	AMARPUR	BANKA	CASTE	10
159	AMARPUR	BANKA	DEVELOPMENT	4
160	DHAURAIYA	BANKA	CASTE	10
160	DHAURAIYA	BANKA	DEVELOPMENT	4
161	BANKA	BANKA	CASTE	7
161	BANKA	BANKA	DEVELOPMENT	4
161	BANKA	BANKA	COMMUNALISM	9
162	KATORIA	BANKA	CASTE	10
162	KATORIA	BANKA	DEVELOPMENT	4
163	BELHAR	BANKA	CASTE	10
163	BELHAR	BANKA	DEVELOPMENT	4
164	TARAPUR	JAMUI	CASTE	10
164	TARAPUR	JAMUI	DEVELOPMENT	4
165	MUNGER	MUNGER	CASTE	10
165	MUNGER	MUNGER	DEVELOPMENT	4
166	JAMALPUR	MUNGER	CASTE	10
166	JAMALPUR	MUNGER	DEVELOPMENT	4
141	CHERIA BARIARPUR	BEGUSARAI	CASTE	10
141	CHERIA BARIARPUR	BEGUSARAI	DEVELOPMENT	4
142	BACHHWARA	BEGUSARAI	CASTE	10
142	BACHHWARA	BEGUSARAI	DEVELOPMENT	4
143	TEGHRA	BEGUSARAI	CASTE	10
143	TEGHRA	BEGUSARAI	DEVELOPMENT	4
144	MATIHANI	BEGUSARAI	CASTE	10
144	MATIHANI	BEGUSARAI	DEVELOPMENT	4
145	SAHEBPUR KAMAL	BEGUSARAI	CASTE	10
145	SAHEBPUR KAMAL	BEGUSARAI	DEVELOPMENT	4
146	BEGUSARAI	BEGUSARAI	CASTE	10
146	BEGUSARAI	BEGUSARAI	DEVELOPMENT	4
147	BAKHRI	BEGUSARAI	CASTE	10
147	BAKHRI	BEGUSARAI	DEVELOPMENT	4
167	SURYAGARHA	MUNGER	CASTE	10
167	SURYAGARHA	MUNGER	DEVELOPMENT	4
168	LAKHISARAI	MUNGER	CASTE	10
168	LAKHISARAI	MUNGER	DEVELOPMENT	4
154	PIRPAINTI	BHAGALPUR	CASTE	10
154	PIRPAINTI	BHAGALPUR	DEVELOPMENT	4
157	SULTANGANJ	BANKA	CASTE	10
157	SULTANGANJ	BANKA	DEVELOPMENT	4
152	BIHPUR	BHAGALPUR	CASTE	10
152	BIHPUR	BHAGALPUR	DEVELOPMENT	4
153	GOPALPUR	BHAGALPUR	CASTE	10
153	GOPALPUR	BHAGALPUR	DEVELOPMENT	4
153	GOPALPUR	BHAGALPUR	GANGA KATAV	4
75	SAHARSA	MADHEPURA	POOR ROAD CONDITION	7
75	SAHARSA	MADHEPURA	ELECTRICITY PROBLEM	7
75	SAHARSA	MADHEPURA	CORRUPTION IN GOVT.SERVICES	7
75	SAHARSA	MADHEPURA	CORRUPTION IN BPL BANIFIT POLICES	5
75	SAHARSA	MADHEPURA	CORRUPTION IN MLA FUNDS	5
74	SONBARSHA	MADHEPURA	CORRUPTION	6
74	SONBARSHA	MADHEPURA	DEVELOPMENT	4
74	SONBARSHA	MADHEPURA	LOW AND ORDER	6
74	SONBARSHA	MADHEPURA	MLA PERFORMANCE	4
74	SONBARSHA	MADHEPURA	CASTE POLARISTION	5
76	SIMRI BAKHTIARPUR	KHAGARIA	CORRUPTION	4
76	SIMRI BAKHTIARPUR	KHAGARIA	DEVELOPMENT	5
76	SIMRI BAKHTIARPUR	KHAGARIA	LOW AND ORDER	4
76	SIMRI BAKHTIARPUR	KHAGARIA	MLA PERFORMANCE	4
76	SIMRI BAKHTIARPUR	KHAGARIA	CASTE POLARISTION	6
70	ALAMNAGAR	MADHEPURA	CORRUPTION	6
70	ALAMNAGAR	MADHEPURA	DEVELOPMENT	4
70	ALAMNAGAR	MADHEPURA	LOW AND ORDER	4
70	ALAMNAGAR	MADHEPURA	MLA PERFORMANCE	3
70	ALAMNAGAR	MADHEPURA	CASTE POLARISTION	4
71	BIHARIGANJ	MADHEPURA	CORRUPTION	5
71	BIHARIGANJ	MADHEPURA	DEVELOPMENT	5
71	BIHARIGANJ	MADHEPURA	LOW AND ORDER	4
71	BIHARIGANJ	MADHEPURA	MLA PERFORMANCE	3
71	BIHARIGANJ	MADHEPURA	CASTE POLARISTION	4
72	SINGHESHWAR	SUPAUL	CORRUPTION	6
72	SINGHESHWAR	SUPAUL	RAILWAY TRACK	6
72	SINGHESHWAR	SUPAUL	LOW AND ORDER	4
72	SINGHESHWAR	SUPAUL	MLA PERFORMANCE	5
72	SINGHESHWAR	SUPAUL	CASTE POLARISTION	4
42	PIPRA	SUPAUL	CORRUPTION	6
42	PIPRA	SUPAUL	PRICE HICK	5
42	PIPRA	SUPAUL	LOW AND ORDER	3
42	PIPRA	SUPAUL	MLA PERFORMANCE	4
42	PIPRA	SUPAUL	CASTE POLARISTION	4
44	TRIVENIGANJ	SUPAUL	CORRUPTION	4
44	TRIVENIGANJ	SUPAUL	DEVELOPMENT 	5
44	TRIVENIGANJ	SUPAUL	LOW AND ORDER	3
44	TRIVENIGANJ	SUPAUL	MLA PERFORMANCE	5
44	TRIVENIGANJ	SUPAUL	CASTE POLARISTION	4
45	CHHATAPUR	SUPAUL	 CORRUPTION IN REHABILITATION  WORK	7
45	CHHATAPUR	SUPAUL	POOR ROAD AND ELECTRICITY CONDITION	7
45	CHHATAPUR	SUPAUL	CORRUPTION IN BPL POLICY	5
45	CHHATAPUR	SUPAUL	CASTISM	4
43	SUPAUL	SUPAUL	CORRUPTION IN GOVT. DEPARTMENT	4
43	SUPAUL	SUPAUL	DEVLOPMENT	5
43	SUPAUL	SUPAUL	MLA PERFORMANCE	7
43	SUPAUL	SUPAUL	CASTISM	4
46	NARPATGANJ	ARARIA	COMMUNAL POLARISATION 	8
46	NARPATGANJ	ARARIA	DEVELOPMENT	4
46	NARPATGANJ	ARARIA	  	5
46	NARPATGANJ	ARARIA	CANDIDATE	8
46	NARPATGANJ	ARARIA	CORRUPTION	4
48	FORBESGANJ	ARARIA	COMMUNAL POLARISATION 	8
48	FORBESGANJ	ARARIA	DEVELOPMENT	4
48	FORBESGANJ	ARARIA	MLA PERFORMANCE 	5
48	FORBESGANJ	ARARIA	CANDIDATE	8
48	FORBESGANJ	ARARIA	CORRUPTION	4
50	JOKIHAT	ARARIA	COMMUNAL POLARISATION 	7
50	JOKIHAT	ARARIA	CANDIDATE PERFORMANCE	5
50	JOKIHAT	ARARIA	LOCAL DEVELOPMENT	4
54	KISHANGANJ	KISHANGANJ	COMMUNAL POLARISATION 	8
54	KISHANGANJ	KISHANGANJ	DEVELOPMENT	3
54	KISHANGANJ	KISHANGANJ	MLA PERFORMANCE 	3
54	KISHANGANJ	KISHANGANJ	CORRUPTION	3
53	THAKURGANJ	KISHANGANJ	COMMUNAL POLARISATION 	7
53	THAKURGANJ	KISHANGANJ	DEVELOPMENT	5
53	THAKURGANJ	KISHANGANJ	MLA PERFORMANCE 	5
53	THAKURGANJ	KISHANGANJ	CORRUPTION	5
52	BAHADURGANJ	KISHANGANJ	COMMUNAL POLARISATION 	8
52	BAHADURGANJ	KISHANGANJ	BRIDGE FOR TEDAGACH BLOCK	3
52	BAHADURGANJ	KISHANGANJ	PRICK HICK 	3
52	BAHADURGANJ	KISHANGANJ	CORRUPTION	3
73	MADHEPURA	MADHEPURA	UPGRADATION OF RAILWAY TRACK	7
73	MADHEPURA	MADHEPURA	CURRUPTION IN GOVT. DEPARTMENT	6
73	MADHEPURA	MADHEPURA	CURRUPTION IN DEVLOPMENT WORKS	4
73	MADHEPURA	MADHEPURA	CASTISM	4
77	MAHISHI	MADHEPURA	CORRUPTION	6
77	MAHISHI	MADHEPURA	DEVELOPMENT IN LAST 5 YEARS        	6
77	MAHISHI	MADHEPURA	POOR ROAD AND ELECTRICITY CONDITION	4
77	MAHISHI	MADHEPURA	CASTISM	4
49	ARARIA	ARARIA	CORRUPTION	4
49	ARARIA	ARARIA	DEVELOPMENT IN LAST 5 YEARS        	5
49	ARARIA	ARARIA	POOR ROAD AND ELECTRICITY CONDITION	4
49	ARARIA	ARARIA	CAST POLARISATION	7
47	RANIGANJ	ARARIA	DEVLOPMENT	5
47	RANIGANJ	ARARIA	CORRUPTION	4
47	RANIGANJ	ARARIA	MLA PERFORMANCE	5
47	RANIGANJ	ARARIA	CASTISM	6
51	SIKTI	ARARIA	DEVLOPMENT	6
51	SIKTI	ARARIA	CORRUPTION	6
51	SIKTI	ARARIA	MLA PERFORMANCE	7
51	SIKTI	ARARIA	CASTISM	4
214	ARWAL	JAHANABAD	CASTE POLARISTION	9
214	ARWAL	JAHANABAD	CANDIDATE	9
214	ARWAL	JAHANABAD	PERFORMANCE OF STATE GOVERNMENT	6
214	ARWAL	JAHANABAD	DEVELOPMENT 	8
233	ATRI	JAHANABAD	CASTE POLARISTION	8
233	ATRI	JAHANABAD	DEVELOPMENT	6
233	ATRI	JAHANABAD	PERFORMANCE OF STATE GOVERNMENT	7
233	ATRI	JAHANABAD	CANDIDATE	8
228	BARACHATTI	GAYA	CASTE POLARISTION	8
228	BARACHATTI	GAYA	DEVELOPMENT	7
228	BARACHATTI	GAYA	PERFORMANCE OF STATE GOVERNMENT	7
228	BARACHATTI	GAYA	CANDIDATE	8
232	BELAGANJ	GAYA	CASTE POLARISTION	9
232	BELAGANJ	GAYA	CANDIDATE	9
229	BODH GAYA	GAYA	CASTE POLARISTION	9
229	BODH GAYA	GAYA	DEVELOPMENT	7
229	BODH GAYA	GAYA	PERFORMANCE OF STATE GOVERNMENT	7
229	BODH GAYA	GAYA	CANDIDATE	9
229	BODH GAYA	GAYA	PARTY EQUATIONS	9
243	CHAKAI	JAMUI	CASTE POLARISTION	9
243	CHAKAI	JAMUI	DEVELOPMENT	5
243	CHAKAI	JAMUI	PERFORMANCE OF STATE GOVERNMENT	4
243	CHAKAI	JAMUI	CANDIDATE	9
230	GAYA TOWN	GAYA	COMMUNAL POLARISTION	7
230	GAYA TOWN	GAYA	DEVELOPMENT	8
230	GAYA TOWN	GAYA	PERFORMANCE OF STATE GOVERNMENT	8
230	GAYA TOWN	GAYA	CANDIDATE	9
230	GAYA TOWN	GAYA	CORRUPTION	8
217	GHOSI	JAHANABAD	CASTE POLARISTION	8
217	GHOSI	JAHANABAD	DEVELOPMENT	6
217	GHOSI	JAHANABAD	PERFORMANCE OF STATE GOVERNMENT	8
217	GHOSI	JAHANABAD	CANDIDATE	9
238	GOBINDPUR	NAWADA	CASTE POLARISTION	9
238	GOBINDPUR	NAWADA	CANDIDATE	10
225	GURUA	AURANGABAD	CASTE POLARISTION(MUSLIM-YADAV FACTOR)	8
225	GURUA	AURANGABAD	DEVELOPMENT	6
225	GURUA	AURANGABAD	PERFORMANCE OF STATE GOVERNMENT	7
225	GURUA	AURANGABAD	CANDIDATE	9
225	GURUA	AURANGABAD	CORRUPTION	8
236	HISUA	NAWADA	CASTE POLARISTION	9
236	HISUA	NAWADA	DEVELOPMENT	7
236	HISUA	NAWADA	PERFORMANCE OF STATE GOVERNMENT	6
236	HISUA	NAWADA	CANDIDATE	8
227	IMAMGANJ	AURANGABAD	CASTE POLARISTION	9
227	IMAMGANJ	AURANGABAD	CANDIDATE	9
216	JEHANABAD	JAHANABAD	CASTE POLARISTION	9
216	JEHANABAD	JAHANABAD	DEVELOPMENT	6
216	JEHANABAD	JAHANABAD	PERFORMANCE OF STATE GOVERNMENT	7
216	JEHANABAD	JAHANABAD	CANDIDATE	8
241	JAMUI	JAMUI	CASTE POLARISTION	9
241	JAMUI	JAMUI	DEVELOPMENT	7
241	JAMUI	JAMUI	PERFORMANCE OF STATE GOVERNMENT	7
241	JAMUI	JAMUI	CANDIDATE	8
242	JHAJHA	JAMUI	CASTE POLARISTION	9
242	JHAJHA	JAMUI	DEVELOPMENT	6
242	JHAJHA	JAMUI	PERFORMANCE OF STATE GOVERNMENT	6
242	JHAJHA	JAMUI	CANDIDATE	9
215	KURTHA	JAHANABAD	CASTE POLARISTION	9
215	KURTHA	JAHANABAD	DEVELOPMENT	4
215	KURTHA	JAHANABAD	PERFORMANCE OF STATE GOVERNMENT	6
215	KURTHA	JAHANABAD	CANDIDATE	9
218	MAKHDUMPUR	JAHANABAD	CASTE POLARISTION	8
218	MAKHDUMPUR	JAHANABAD	DEVELOPMENT	6
218	MAKHDUMPUR	JAHANABAD	PERFORMANCE OF STATE GOVERNMENT	7
218	MAKHDUMPUR	JAHANABAD	CANDIDATE	7
237	NAWADA	NAWADA	CASTE POLARISTION	9
237	NAWADA	NAWADA	DEVELOPMENT	5
237	NAWADA	NAWADA	PERFORMANCE OF STATE GOVERNMENT	7
237	NAWADA	NAWADA	CANDIDATE	9
235	RAJAULI	NAWADA	CASTE POLARISTION	9
235	RAJAULI	NAWADA	DEVELOPMENT	5
235	RAJAULI	NAWADA	PERFORMANCE OF STATE GOVERNMENT	5
235	RAJAULI	NAWADA	CANDIDATE	9
226	SHERGHATI	GAYA	COMMUNAL POLARISATION 	9
226	SHERGHATI	GAYA	CANDIDATE	9
226	SHERGHATI	GAYA	PERFORMANCE OF STATE GOVERNMENT	7
226	SHERGHATI	GAYA	DEVELOPMENT	7
240	SIKANDRA	JAMUI	CASTE POLARISTION	9
240	SIKANDRA	JAMUI	CANDIDATE	9
231	TIKARI	AURANGABAD	CANDIDATE	9
231	TIKARI	AURANGABAD	DEVELOPMENT	7
231	TIKARI	AURANGABAD	PERFORMANCE OF STATE GOVERNMENT	7
231	TIKARI	AURANGABAD	CASTE POLARISTION	8
239	WARSALIGANJ	NAWADA	CASTE POLARISTION	9
239	WARSALIGANJ	NAWADA	DEVELOPMENT	6
239	WARSALIGANJ	NAWADA	PERFORMANCE OF STATE GOVERNMENT	7
239	WARSALIGANJ	NAWADA	CANDIDATE	9
234	WAZIRGANJ	GAYA	CANDIDATE	8
234	WAZIRGANJ	GAYA	CASTE POLARISTION	8
234	WAZIRGANJ	GAYA	DEVELOPMENT	7
234	WAZIRGANJ	GAYA	PERFORMANCE OF STATE GOVERNMENT	7
88	GAIGHAT	MUZAFFARPUR	FLOOD	7
88	GAIGHAT	MUZAFFARPUR	DEVELOPMENT	8
88	GAIGHAT	MUZAFFARPUR	ELECTRICITY	7
88	GAIGHAT	MUZAFFARPUR	CASTISM	6
88	GAIGHAT	MUZAFFARPUR	CORRUPTION	6
89	AURAI	MUZAFFARPUR	FLOOD	8
89	AURAI	MUZAFFARPUR	DEVELOPMENT	8
89	AURAI	MUZAFFARPUR	UNEMPLOYMENT	6
89	AURAI	MUZAFFARPUR	ELECTRICITY	6
89	AURAI	MUZAFFARPUR	CORRUPTION	7
90	MINAPUR	VAISHALI	FLOOD	8
90	MINAPUR	VAISHALI	DEVELOPMENT	8
90	MINAPUR	VAISHALI	ELECTRICITY	6
90	MINAPUR	VAISHALI	NAXALS PROBLEM	7
90	MINAPUR	VAISHALI	CORRUPTION	7
91	BOCHAHA	MUZAFFARPUR	FLOOD	8
91	BOCHAHA	MUZAFFARPUR	DEVELOPMENT	8
91	BOCHAHA	MUZAFFARPUR	CASTISM	6
91	BOCHAHA	MUZAFFARPUR	ELECTRICITY	7
91	BOCHAHA	MUZAFFARPUR	CORRUPTION	6
92	SAKRA	MUZAFFARPUR	PRICE RISE	8
92	SAKRA	MUZAFFARPUR	DEVELOPMENT	7
92	SAKRA	MUZAFFARPUR	ROAD	6
92	SAKRA	MUZAFFARPUR	ELECTRICITY	7
92	SAKRA	MUZAFFARPUR	CORRUPTION	6
93	KURHANI	MUZAFFARPUR	ELECTRICITY	7
93	KURHANI	MUZAFFARPUR	DEVELOPMENT	7
93	KURHANI	MUZAFFARPUR	UNEMPLOYMENT	7
93	KURHANI	MUZAFFARPUR	ROAD	6
93	KURHANI	MUZAFFARPUR	CORRUPTION	6
94	MUZAFFARPUR	MUZAFFARPUR	GARBAGE PROBLEM	6
94	MUZAFFARPUR	MUZAFFARPUR	DEVELOPMENT	7
94	MUZAFFARPUR	MUZAFFARPUR	ELECTRICITY	7
94	MUZAFFARPUR	MUZAFFARPUR	PRICE RISE	7
94	MUZAFFARPUR	MUZAFFARPUR	CORRUPTION	6
95	KANTI	VAISHALI	THARMAL POWER STATION	7
95	KANTI	VAISHALI	DEVELOPMENT	8
95	KANTI	VAISHALI	ELECTRICITY	7
95	KANTI	VAISHALI	SUGAR MILL	7
95	KANTI	VAISHALI	CORRUPTION	6
96	BARURAJ	VAISHALI	MOTIPUR SUGAR MILL	8
96	BARURAJ	VAISHALI	DEVELOPMENT	8
96	BARURAJ	VAISHALI	UNEMPLOYMENT	7
96	BARURAJ	VAISHALI	ELECTRICITY	6
96	BARURAJ	VAISHALI	CORRUPTION	6
97	PAROO	VAISHALI	FARMERS PROBLEMS	7
97	PAROO	VAISHALI	DEVELOPMENT	7
97	PAROO	VAISHALI	UNEMPLOYMENT	6
97	PAROO	VAISHALI	ELECTRICITY	7
97	PAROO	VAISHALI	ROAD	6
98	SAHEBGANJ	VAISHALI	NAXALS RPOBLEMS	6
98	SAHEBGANJ	VAISHALI	DEVELOPMENT	7
98	SAHEBGANJ	VAISHALI	PRICE RISE	7
98	SAHEBGANJ	VAISHALI	UNEMPLOYMENT	6
98	SAHEBGANJ	VAISHALI	CORRUPTION	6
131	KALYANPUR	SAMASTIPUR	FLOOD	7
131	KALYANPUR	SAMASTIPUR	DEVELOPMENT	7
131	KALYANPUR	SAMASTIPUR	BRIDGE ON OLD GANDAK RIVER IN SOMNAHA	7
131	KALYANPUR	SAMASTIPUR	ELECTRICITY	6
131	KALYANPUR	SAMASTIPUR	PRICE RISE	7
132	WARISNAGAR	SAMASTIPUR	FLOOD	8
132	WARISNAGAR	SAMASTIPUR	DEVELOPMENT	8
132	WARISNAGAR	SAMASTIPUR	PRICE RISE	7
132	WARISNAGAR	SAMASTIPUR	ROAD	6
132	WARISNAGAR	SAMASTIPUR	CORRUPTION	6
133	SAMASTIPUR	SAMASTIPUR	ELECTRICITY	8
133	SAMASTIPUR	SAMASTIPUR	DEVELOPMENT	8
133	SAMASTIPUR	SAMASTIPUR	PRICE RISE	7
133	SAMASTIPUR	SAMASTIPUR	ROAD	6
133	SAMASTIPUR	SAMASTIPUR	CORRUPTION	6
134	UJIARPUR	UJIARPUR	ELECTRICITY	7
134	UJIARPUR	UJIARPUR	DEVELOPMENT	8
134	UJIARPUR	UJIARPUR	UNEMPLOYMENT	8
134	UJIARPUR	UJIARPUR	ROAD	7
134	UJIARPUR	UJIARPUR	CORRUPTION	7
135	MORWA	UJIARPUR	NOON RIVER CANAL PROJECT	7
135	MORWA	UJIARPUR	DEVELOPMENT	8
135	MORWA	UJIARPUR	PRICE RISE	7
135	MORWA	UJIARPUR	FARMERS RPOBLEMS	8
135	MORWA	UJIARPUR	ELECTRICITY	7
136	SARAIRANJAN	UJIARPUR	FARMERS PROBLEMS	8
136	SARAIRANJAN	UJIARPUR	DEVELOPMENT	8
136	SARAIRANJAN	UJIARPUR	ELECTRICITY	7
136	SARAIRANJAN	UJIARPUR	BARNA BRIDGE	8
136	SARAIRANJAN	UJIARPUR	CORRUPTION	7
137	MOHIUDDINNAGAR	UJIARPUR	CRIME	8
137	MOHIUDDINNAGAR	UJIARPUR	DEVELOPMENT	8
137	MOHIUDDINNAGAR	UJIARPUR	ELECTRICITY	7
137	MOHIUDDINNAGAR	UJIARPUR	LAW & ORDER / ABDUCTIONS	7
137	MOHIUDDINNAGAR	UJIARPUR	UNEMPLOYMENT	7
138	BIBHUTIPUR	UJIARPUR	CRIME	7
138	BIBHUTIPUR	UJIARPUR	DEVELOPMENT	7
138	BIBHUTIPUR	UJIARPUR	PRICE RISE	6
138	BIBHUTIPUR	UJIARPUR	LAW & ORDER / ABDUCTIONS 	6
138	BIBHUTIPUR	UJIARPUR	CORRUPTION	6
139	ROSERA	SAMASTIPUR	ELECTRICITY	8
139	ROSERA	SAMASTIPUR	DEVELOPMENT	8
139	ROSERA	SAMASTIPUR	CRIME	7
139	ROSERA	SAMASTIPUR	ROAD	6
139	ROSERA	SAMASTIPUR	PRICE RISE	6
140	HASANPUR	KHAGARIA	CRIME	4
140	HASANPUR	KHAGARIA	DEVELOPMENT	5
140	HASANPUR	KHAGARIA	FLOOD	4
140	HASANPUR	KHAGARIA	POVERTY	7
140	HASANPUR	KHAGARIA	CORRUPTION	6
192	SANDESH	ARRAH	DEVELOPMENT	7
192	SANDESH	ARRAH	CRIME	8
192	SANDESH	ARRAH	POVERTY	5
192	SANDESH	ARRAH	CASTE POLRISATION	9
193	BARHARA	ARRAH	DEVELOPMENT	6
193	BARHARA	ARRAH	CRIME	7
193	BARHARA	ARRAH	POVERTY	5
193	BARHARA	ARRAH	CASTE POLRISATION	9
194	ARRAH	ARRAH	DEVELOPMENT	7
194	ARRAH	ARRAH	CRIME	5
194	ARRAH	ARRAH	POVERTY	5
194	ARRAH	ARRAH	CASTE POLRISATION	9
195	AGIAON	ARRAH	DEVELOPMENT	6
195	AGIAON	ARRAH	CRIME	6
195	AGIAON	ARRAH	POVERTY	4
195	AGIAON	ARRAH	CASTE POLRISATION	9
195	AGIAON	ARRAH	CANDIDATE	8
196	TARARI	ARRAH	DEVELOPMENT	5
196	TARARI	ARRAH	CRIME	5
196	TARARI	ARRAH	POVERTY	6
196	TARARI	ARRAH	CASTE POLRISATION	9
196	TARARI	ARRAH	CANDIDATE	9
197	JAGDISHPUR	ARRAH	DEVELOPMENT	7
197	JAGDISHPUR	ARRAH	CRIME	5
197	JAGDISHPUR	ARRAH	POVERTY	5
197	JAGDISHPUR	ARRAH	CASTE POLRISATION	9
197	JAGDISHPUR	ARRAH	CANDIDATE	9
196	TARARI	ARRAH	DEVELOPMENT	7
196	TARARI	ARRAH	CRIME	5
196	TARARI	ARRAH	CANDIDATE	9
196	TARARI	ARRAH	CASTE POLRISATION	9
199	BRAHAMPUR	BUXAR	DEVELOPMENT	5
199	BRAHAMPUR	BUXAR	CRIME	5
199	BRAHAMPUR	BUXAR	CANDIDATE	9
199	BRAHAMPUR	BUXAR	CASTE POLRISATION	9
200	BUXAR	BUXAR	DEVELOPMENT	5
200	BUXAR	BUXAR	CRIME	5
200	BUXAR	BUXAR	CANDIDATE	9
200	BUXAR	BUXAR	CASTE POLRISATION	9
201	DUMRAON	BUXAR	DEVELOPMENT	5
201	DUMRAON	BUXAR	CRIME	5
201	DUMRAON	BUXAR	CANDIDATE	9
201	DUMRAON	BUXAR	CASTE POLRISATION	9
202	RAJPUR	BUXAR	DEVELOPMENT	5
202	RAJPUR	BUXAR	CRIME	5
202	RAJPUR	BUXAR	CANDIDATE	9
202	RAJPUR	BUXAR	CASTE POLRISATION	9
123	HAJIPUR	HAJIPUR	DRINKING WATER	4
123	HAJIPUR	HAJIPUR	DEVELOPMENT	5
123	HAJIPUR	HAJIPUR	PERFORMANCE OF STATE GOVERNMENT	5
123	HAJIPUR	HAJIPUR	CANDIDATE	9
123	HAJIPUR	HAJIPUR	CORRUPTION	4
124	LALGANJ	HAJIPUR	DRINKING WATER	5
124	LALGANJ	HAJIPUR	DEVELOPMENT	5
124	LALGANJ	HAJIPUR	PERFORMANCE OF STATE GOVERNMENT	5
124	LALGANJ	HAJIPUR	CANDIDATE	8
124	LALGANJ	HAJIPUR	CORRUPTION	3
126	MAHUA	HAJIPUR	DRINKING WATER	5
126	MAHUA	HAJIPUR	DEVELOPMENT	5
126	MAHUA	HAJIPUR	PERFORMANCE OF STATE GOVERNMENT	5
126	MAHUA	HAJIPUR	CANDIDATE	9
126	MAHUA	HAJIPUR	CORRUPTION	3
127	RAJA PAKAR	HAJIPUR	DRINKING WATER	5
127	RAJA PAKAR	HAJIPUR	DEVELOPMENT	5
127	RAJA PAKAR	HAJIPUR	PERFORMANCE OF STATE GOVERNMENT	5
127	RAJA PAKAR	HAJIPUR	CANDIDATE	9
127	RAJA PAKAR	HAJIPUR	CORRUPTION	3
128	RAGHOPUR	HAJIPUR	DRINKING WATER	3
128	RAGHOPUR	HAJIPUR	DEVELOPMENT	3
128	RAGHOPUR	HAJIPUR	PERFORMANCE OF STATE GOVERNMENT	4
128	RAGHOPUR	HAJIPUR	CANDIDATE	8
128	RAGHOPUR	HAJIPUR	CORRUPTION	4
129	MAHNAR	HAJIPUR	DRINKING WATER	5
129	MAHNAR	HAJIPUR	DEVELOPMENT	3
129	MAHNAR	HAJIPUR	PERFORMANCE OF STATE GOVERNMENT	6
129	MAHNAR	HAJIPUR	CANDIDATE	8
129	MAHNAR	HAJIPUR	CORRUPTION	4
125	VAISHALI	VAISHALI	DRINKING WATER	5
125	VAISHALI	VAISHALI	DEVELOPMENT	5
125	VAISHALI	VAISHALI	PERFORMANCE OF STATE GOVERNMENT	5
125	VAISHALI	VAISHALI	CANDIDATE	9
125	VAISHALI	VAISHALI	CORRUPTION	3
130	PATEPUR	UJIARPUR	DRINKING WATER	5
130	PATEPUR	UJIARPUR	DEVELOPMENT	5
130	PATEPUR	UJIARPUR	PERFORMANCE OF STATE GOVERNMENT	5
130	PATEPUR	UJIARPUR	CANDIDATE	8
130	PATEPUR	UJIARPUR	CORRUPTION	3
171	ASTHAWAN	NALANDA	DRINKING WATER	4
171	ASTHAWAN	NALANDA	DEVELOPMENT	5
171	ASTHAWAN	NALANDA	PERFORMANCE OF STATE GOVERNMENT	5
171	ASTHAWAN	NALANDA	CANDIDATE	7
171	ASTHAWAN	NALANDA	CORRUPTION	3
172	BIHARSHARIF	NALANDA	DRINKING WATER	5
172	BIHARSHARIF	NALANDA	DEVELOPMENT	5
172	BIHARSHARIF	NALANDA	PERFORMANCE OF STATE GOVERNMENT	5
172	BIHARSHARIF	NALANDA	CANDIDATE	8
172	BIHARSHARIF	NALANDA	CORRUPTION	4
173	RAJGIR	NALANDA	DRINKING WATER	
173	RAJGIR	NALANDA	DEVELOPMENT	
173	RAJGIR	NALANDA	PERFORMANCE OF STATE GOVERNMENT	
173	RAJGIR	NALANDA	CANDIDATE	
173	RAJGIR	NALANDA	CORRUPTION	
174	ISLAMPUR	NALANDA	DRINKING WATER	5
174	ISLAMPUR	NALANDA	DEVELOPMENT	5
174	ISLAMPUR	NALANDA	PERFORMANCE OF STATE GOVERNMENT	5
174	ISLAMPUR	NALANDA	CANDIDATE	8
174	ISLAMPUR	NALANDA	CORRUPTION	3
175	HILSA	NALANDA	DRINKING WATER	5
175	HILSA	NALANDA	DEVELOPMENT	5
175	HILSA	NALANDA	PERFORMANCE OF STATE GOVERNMENT	5
175	HILSA	NALANDA	CANDIDATE	8
175	HILSA	NALANDA	CORRUPTION	4
176	NALANDA	NALANDA	DRINKING WATER	5
176	NALANDA	NALANDA	DEVELOPMENT	5
176	NALANDA	NALANDA	PERFORMANCE OF STATE GOVERNMENT	5
176	NALANDA	NALANDA	CANDIDATE	8
176	NALANDA	NALANDA	CORRUPTION	4
177	HARNAUT	NALANDA	DRINKING WATER	4
177	HARNAUT	NALANDA	DEVELOPMENT	5
177	HARNAUT	NALANDA	PERFORMANCE OF STATE GOVERNMENT	5
177	HARNAUT	NALANDA	CANDIDATE	8
177	HARNAUT	NALANDA	CORRUPTION	4
219	GOH	KARAKAT	DEVELOPMENT	7
219	GOH	KARAKAT	ELECTRICITY	8
219	GOH	KARAKAT	POVERTY	6
219	GOH	KARAKAT	CASTE POLRISATION	8
219	GOH	KARAKAT	NAXALISM	7
224	RAFIGANJ	AURANGABAD	DEVELOPMENT	5
224	RAFIGANJ	AURANGABAD	CRIME	4
224	RAFIGANJ	AURANGABAD	POVERTY	7
224	RAFIGANJ	AURANGABAD	CASTE POLRISATION	8
222	KUTUMBA	AURANGABAD	DEVELOPMENT	8
222	KUTUMBA	AURANGABAD	IRREGATION	7
222	KUTUMBA	AURANGABAD	POVERTY	7
222	KUTUMBA	AURANGABAD	CASTE POLRISATION	5
222	KUTUMBA	AURANGABAD	NAXALISM	6
221	NABINAGAR	KARAKAT	DEVELOPMENT	8
221	NABINAGAR	KARAKAT	EDUCATION	7
221	NABINAGAR	KARAKAT	DRINKING WATER	6
221	NABINAGAR	KARAKAT	CASTE POLRISATION	5
220	OBRA	KARAKAT	DEVELOPMENT	7
220	OBRA	KARAKAT	ELECTRICITY	6
220	OBRA	KARAKAT	POVERTY	5
220	OBRA	KARAKAT	CASTE POLRISATION	8
223	AURANGABAD	AURANGABAD	DEVELOPMENT	8
223	AURANGABAD	AURANGABAD	CRIME	6
223	AURANGABAD	AURANGABAD	IRREGATION	7
223	AURANGABAD	AURANGABAD	CASTE POLRISATION	7
223	AURANGABAD	AURANGABAD	NAXALISM	6
203	RAMGARH	BUXAR	IRREGATION	7
203	RAMGARH	BUXAR	AGRICULTURAL MARKET	6
203	RAMGARH	BUXAR	POVERTY	4
203	RAMGARH	BUXAR	CASTE POLRISATION	5
203	RAMGARH	BUXAR	DRINKING WATER	6
205	BHABUA	SASARAM	DEVELOPMENT	7
205	BHABUA	SASARAM	IRREGATION	7
205	BHABUA	SASARAM	CORRUPTION	6
205	BHABUA	SASARAM	CASTE POLRISATION	6
205	BHABUA	SASARAM	LINK ROAD	5
204	MOHANIA	SASARAM	DEVELOPMENT	6
204	MOHANIA	SASARAM	DEMAND GOVT. COLLEGE	7
204	MOHANIA	SASARAM	DRINKING WATER	6
204	MOHANIA	SASARAM	CASTE POLRISATION	5
204	MOHANIA	SASARAM	EDUCATION	6
206	CHAINPUR	SASARAM	DEVELOPMENT	8
206	CHAINPUR	SASARAM	DRINKING WATER	8
206	CHAINPUR	SASARAM	POVERTY	7
206	CHAINPUR	SASARAM	CASTE POLRISATION	6
206	CHAINPUR	SASARAM	EMPLOYMENT 	7
208	SASARAM	SASARAM	DEVELOPMENT	6
208	SASARAM	SASARAM	CRIME	5
208	SASARAM	SASARAM	ELECTRICITY	7
208	SASARAM	SASARAM	NAXOLITE	6
208	SASARAM	SASARAM	DRINKING WATER	6
207	CHENARI	SASARAM	DEVELOPMENT	7
207	CHENARI	SASARAM	CRIME	8
207	CHENARI	SASARAM	POVERTY	8
207	CHENARI	SASARAM	DURGAWATI JALASAYA PROJECT	7
207	CHENARI	SASARAM	IRREGATION	6
211	NOKHA	KARAKAT	DEVELOPMENT	5
211	NOKHA	KARAKAT	CRIME	6
211	NOKHA	KARAKAT	ELECTRICITY	6
211	NOKHA	KARAKAT	CASTE POLRISATION	5
211	NOKHA	KARAKAT	ROAD	7
212	DEHRI	KARAKAT	DEVELOPMENT	8
212	DEHRI	KARAKAT	DEMAND TO OPEN ROHTAS INDUSTRY	7
212	DEHRI	KARAKAT	IMPLEMENTATION OF NAREGA PROJECT	6
212	DEHRI	KARAKAT	ELECTRICITY	7
210	DINARA	BUXAR	DEVELOPMENT	6
210	DINARA	BUXAR	CRIME	6
210	DINARA	BUXAR	IRREGATION	6
210	DINARA	BUXAR	CASTE POLRISATION	7
210	DINARA	BUXAR	ROAD	8
209	KARGAHAR	SASARAM	DEVELOPMENT	5
209	KARGAHAR	SASARAM	CRIME	7
209	KARGAHAR	SASARAM	HEALTH SERVICES	6
209	KARGAHAR	SASARAM	CASTE POLRISATION	7
209	KARGAHAR	SASARAM	ROAD	7
213	KARAKAT	KARAKAT	DEVELOPMENT	5
213	KARAKAT	KARAKAT	CRIME	7
213	KARAKAT	KARAKAT	IRREGATION	6
213	KARAKAT	KARAKAT	CASTE POLRISATION	5
213	KARAKAT	KARAKAT	ROAD	6
1	VALMIKI NAGAR	VALMIKI NAGAR	THARU BACKWARDNESS	8
1	VALMIKI NAGAR	VALMIKI NAGAR	DEVELOPMENT	5
1	VALMIKI NAGAR	VALMIKI NAGAR	PERFORMANCE OF STATE GOVERNMENT	5
1	VALMIKI NAGAR	VALMIKI NAGAR	CORRUPTION	8
1	VALMIKI NAGAR	VALMIKI NAGAR	ELECTRICITY	6
2	RAMNAGAR	VALMIKI NAGAR	DRINKING WATER (THORI PANCHAYAT)	8
2	RAMNAGAR	VALMIKI NAGAR	DEVELOPMENT	4
2	RAMNAGAR	VALMIKI NAGAR	PERFORMANCE OF STATE GOVERNMENT	4
2	RAMNAGAR	VALMIKI NAGAR	CORRUPTION	8
2	RAMNAGAR	VALMIKI NAGAR	STONE CHIPS INDUSTRY	6
3	NARKATIAGANJ	VALMIKI NAGAR	DEVELOPMENT	5
3	NARKATIAGANJ	VALMIKI NAGAR	PERFORMANCE OF STATE GOVERNMENT	6
3	NARKATIAGANJ	VALMIKI NAGAR	CORRUPTION	6
3	NARKATIAGANJ	VALMIKI NAGAR	RAILWAY WASHING PIT	8
3	NARKATIAGANJ	VALMIKI NAGAR	SUB DIVISION	6
4	BAGAHA	VALMIKI NAGAR	FLOOD	6
4	BAGAHA	VALMIKI NAGAR	BAGAHA SUGAR FACTORY	8
4	BAGAHA	VALMIKI NAGAR	DEVELOPMENT	6
4	BAGAHA	VALMIKI NAGAR	JOB CARD/BPL CARD	6
4	BAGAHA	VALMIKI NAGAR	CORRUPTION	8
5	LAURIYA	VALMIKI NAGAR	FLOOD	6
5	LAURIYA	VALMIKI NAGAR	DEVELOPMENT	8
5	LAURIYA	VALMIKI NAGAR	PERFORMANCE OF STATE GOVERNMENT	7
5	LAURIYA	VALMIKI NAGAR	CORRUPTION	7
5	LAURIYA	VALMIKI NAGAR	NOC FOR ONGC OIL SEARCH (GANDAK BASIN)	6
6	NAUTAN	PASCHIM CHAMPARAN	FLOOD	6
6	NAUTAN	PASCHIM CHAMPARAN	DEVELOPMENT	8
6	NAUTAN	PASCHIM CHAMPARAN	PERFORMANCE OF STATE GOVERNMENT	8
6	NAUTAN	PASCHIM CHAMPARAN	CORRUPTION	7
6	NAUTAN	PASCHIM CHAMPARAN	REPARING OF BANDH FOR FLOOD PROTECTION	6
7	CHANPATIA	PASCHIM CHAMPARAN	SUGAR/PAPER FACTORY	6
7	CHANPATIA	PASCHIM CHAMPARAN	DEVELOPMENT	8
7	CHANPATIA	PASCHIM CHAMPARAN	PERFORMANCE OF STATE GOVERNMENT	7
7	CHANPATIA	PASCHIM CHAMPARAN	ELECTRIC SUB STATION	6
7	CHANPATIA	PASCHIM CHAMPARAN	CORRUPTION	7
8	BETTIAH	PASCHIM CHAMPARAN	BETTIAH GOVT MEDICAL COLLEGE	7
8	BETTIAH	PASCHIM CHAMPARAN	DEVELOPMENT	8
8	BETTIAH	PASCHIM CHAMPARAN	PERFORMANCE OF STATE GOVERNMENT	8
8	BETTIAH	PASCHIM CHAMPARAN	MINORITY HOSTEL	5
8	BETTIAH	PASCHIM CHAMPARAN	CORRUPTION	8
9	SIKTA	VALMIKI NAGAR	FLOOD AREA / DAR AREA	8
9	SIKTA	VALMIKI NAGAR	NAXAL AREA	6
9	SIKTA	VALMIKI NAGAR	DEVELOPMENT	8
9	SIKTA	VALMIKI NAGAR	PERFORMANCE OF STATE GOVERNMENT	7
9	SIKTA	VALMIKI NAGAR	CORRUPTION	8
10	RAXAUL	PASCHIM CHAMPARAN	DEVELOPMENT	8
10	RAXAUL	PASCHIM CHAMPARAN	PERFORMANCE OF STATE GOVERNMENT	6
10	RAXAUL	PASCHIM CHAMPARAN	OIL DEPOT	6
10	RAXAUL	PASCHIM CHAMPARAN	CORRUPTION	8
10	RAXAUL	PASCHIM CHAMPARAN	APPL/BPL/JOB CARD	6
11	SUGAULI	PASCHIM CHAMPARAN	DEVELOPMENT	7
11	SUGAULI	PASCHIM CHAMPARAN	PERFORMANCE OF STATE GOVERNMENT	6
11	SUGAULI	PASCHIM CHAMPARAN	CORRUPTION	6
11	SUGAULI	PASCHIM CHAMPARAN	ELECTRICITY	6
11	SUGAULI	PASCHIM CHAMPARAN	APL/BPL CARD	6
12	NARKATIA	PASCHIM CHAMPARAN	ELECTRICITY	6
12	NARKATIA	PASCHIM CHAMPARAN	DEVELOPMENT	7
12	NARKATIA	PASCHIM CHAMPARAN	PERFORMANCE OF STATE GOVERNMENT	5
12	NARKATIA	PASCHIM CHAMPARAN	CORRUPTION	8
12	NARKATIA	PASCHIM CHAMPARAN	APL/BPL CARD	6
13	HARSIDHI	PURVI CHAMPARAN	ELECTRICITY	8
13	HARSIDHI	PURVI CHAMPARAN	DEVELOPMENT	6
13	HARSIDHI	PURVI CHAMPARAN	PERFORMANCE OF STATE GOVERNMENT	6
13	HARSIDHI	PURVI CHAMPARAN	CORRUPTION	7
14	GOVINDGANJ	PURVI CHAMPARAN	FLOOD	8
14	GOVINDGANJ	PURVI CHAMPARAN	ELECTRICITY	6
14	GOVINDGANJ	PURVI CHAMPARAN	DEVELOPMENT	7
14	GOVINDGANJ	PURVI CHAMPARAN	PERFORMANCE OF STATE GOVERNMENT	5
14	GOVINDGANJ	PURVI CHAMPARAN	CORRUPTION	7
15	KESARIA	PURVI CHAMPARAN	FLOOD	8
15	KESARIA	PURVI CHAMPARAN	ELECTRICITY	6
15	KESARIA	PURVI CHAMPARAN	DEVELOPMENT	8
15	KESARIA	PURVI CHAMPARAN	PERFORMANCE OF STATE GOVERNMENT	6
15	KESARIA	PURVI CHAMPARAN	CORRUPTION	7
16	KALYANPUR	PURVI CHAMPARAN	FLOOD/ DAHTAR AREA	8
16	KALYANPUR	PURVI CHAMPARAN	ELECTRICITY	6
16	KALYANPUR	PURVI CHAMPARAN	DEVELOPMENT	6
16	KALYANPUR	PURVI CHAMPARAN	PERFORMANCE OF STATE GOVERNMENT	5
16	KALYANPUR	PURVI CHAMPARAN	CORRUPTION	6
17	PIPRA	PURVI CHAMPARAN	CHAKIYA SUGAR FACTORY	9
17	PIPRA	PURVI CHAMPARAN	ELECTRICITY	6
17	PIPRA	PURVI CHAMPARAN	DEVELOPMENT	6
17	PIPRA	PURVI CHAMPARAN	PERFORMANCE OF STATE GOVERNMENT	5
17	PIPRA	PURVI CHAMPARAN	CORRUPTION	6
18	MADHUBAN	SHEOHAR	NAXAL BELT	6
18	MADHUBAN	SHEOHAR	ELECTRICITY	8
18	MADHUBAN	SHEOHAR	DEVELOPMENT	6
18	MADHUBAN	SHEOHAR	PERFORMANCE OF STATE GOVERNMENT	5
18	MADHUBAN	SHEOHAR	APL/BPL CARD	6
19	MOTIHARI	PURVI CHAMPARAN	FLOOD WATER	5
19	MOTIHARI	PURVI CHAMPARAN	SUGAR FACTORY	8
19	MOTIHARI	PURVI CHAMPARAN	ELECTRICITY	6
19	MOTIHARI	PURVI CHAMPARAN	DEVELOPMENT	7
19	MOTIHARI	PURVI CHAMPARAN	PERFORMANCE OF STATE GOVERNMENT	6
20	CHIRAIA	SHEOHAR	FLOOD	8
20	CHIRAIA	SHEOHAR	SUGAR FACTORY	8
20	CHIRAIA	SHEOHAR	ELECTRICITY	6
20	CHIRAIA	SHEOHAR	DEVELOPMENT	7
20	CHIRAIA	SHEOHAR	RICE BASE INDUSTRY	6
21	DHAKA	SHEOHAR	ELECTRICITY	8
21	DHAKA	SHEOHAR	COMMUNAL ISSUE	6
21	DHAKA	SHEOHAR	DEVELOPMENT	6
21	DHAKA	SHEOHAR	PERFORMANCE OF STATE GOVERNMENT	5
21	DHAKA	SHEOHAR	CORRUPTION	6
170	BARBIGHA	NAWADA	CASTE BASE FIGHT	3
170	BARBIGHA	NAWADA	EMPLOYMENT	3
170	BARBIGHA	NAWADA	PERFORMANCE OF STATE GOVERNMENT	5
170	BARBIGHA	NAWADA	CANDIDATE	4
170	BARBIGHA	NAWADA	CORRUPTION	4
169	SHEIKHPURA	JAMUI	CASTE BASE FIGHT	3
169	SHEIKHPURA	JAMUI	DEVELOPMENT	4
169	SHEIKHPURA	JAMUI	PERFORMANCE OF STATE GOVERNMENT	5
169	SHEIKHPURA	JAMUI	CANDIDATE	5
169	SHEIKHPURA	JAMUI	CORRUPTION	5
151	PARBATTA	KHAGARIA	EMPLOYMENT 	3
151	PARBATTA	KHAGARIA	DEVELOPMENT	5
151	PARBATTA	KHAGARIA	PERFORMANCE OF STATE GOVERNMENT	6
151	PARBATTA	KHAGARIA	CANDIDATE	5
151	PARBATTA	KHAGARIA	CORRUPTION	5
150	BELDAUR	KHAGARIA	EMPLOYMENT 	3
150	BELDAUR	KHAGARIA	DEVELOPMENT	5
150	BELDAUR	KHAGARIA	PERFORMANCE OF STATE GOVERNMENT	6
150	BELDAUR	KHAGARIA	CANDIDATE	5
150	BELDAUR	KHAGARIA	CORRUPTION	5
149	KHAGARIA	KHAGARIA	FLOODS	3
149	KHAGARIA	KHAGARIA	EMPLOYMENT 	3
149	KHAGARIA	KHAGARIA	CORNFLEX RELATED INDUSTRY	3
149	KHAGARIA	KHAGARIA	CANDIDATE	5
149	KHAGARIA	KHAGARIA	CORRUPTION	5
148	ALAULI	KHAGARIA	FLOODS	9
148	ALAULI	KHAGARIA	DEVELOPMENT	7
148	ALAULI	KHAGARIA	PERFORMANCE OF STATE GOVERNMENT	6
148	ALAULI	KHAGARIA	CANDIDATE	3
148	ALAULI	KHAGARIA	CORRUPTION	5
63	KATIHAR	KATIHAR	FLOODS	3
63	KATIHAR	KATIHAR	INDUSTRIES	3
63	KATIHAR	KATIHAR	EMPLOYMENT 	3
63	KATIHAR	KATIHAR	DRINKING WATER	4
64	KADWA	KATIHAR	EMPLOYMENT 	3
64	KADWA	KATIHAR	KACHODA BANDH	4
64	KADWA	KATIHAR	PERFORMANCE OF STATE GOVERNMENT	5
64	KADWA	KATIHAR	CANDIDATE	5
64	KADWA	KATIHAR	CORRUPTION	5
65	BALRAMPUR	KATIHAR	FLOODS	3
65	BALRAMPUR	KATIHAR	EMPLOYMENT 	3
65	BALRAMPUR	KATIHAR	NAXLISAM	3
65	BALRAMPUR	KATIHAR	CANDIDATE	5
65	BALRAMPUR	KATIHAR	CORRUPTION	5
66	PRANPUR	KATIHAR	DEVELOPMENT	4
66	PRANPUR	KATIHAR	EMPLOYMENT 	4
66	PRANPUR	KATIHAR	PERFORMANCE OF STATE GOVERNMENT	5
66	PRANPUR	KATIHAR	CANDIDATE	5
66	PRANPUR	KATIHAR	CORRUPTION	5
67	MANIHARI	KATIHAR	FLOOD	3
67	MANIHARI	KATIHAR	ROAD	3
67	MANIHARI	KATIHAR	EMPLOYMENT	4
67	MANIHARI	KATIHAR	CORRUPTION	4
68	BARARI	KATIHAR	FLOOD	3
68	BARARI	KATIHAR	EMPLOYMENT 	3
68	BARARI	KATIHAR	PERFORMANCE OF STATE GOVERNMENT	5
68	BARARI	KATIHAR	CANDIDATE	5
68	BARARI	KATIHAR	CORRUPTION	5
69	KORHA	PURNIA	EMPLOYMENT	3
69	KORHA	PURNIA	DEVELOPMENT	3
69	KORHA	PURNIA	PERFORMANCE OF STATE GOVERNMENT	5
69	KORHA	PURNIA	CANDIDATE	5
69	KORHA	PURNIA	CORRUPTION	5
56	AMOUR	KISHANGANJ	FLOODS	3
56	AMOUR	KISHANGANJ	MAHANANDA BASEN PROJECT	3
56	AMOUR	KISHANGANJ	COTTON BASE INDUSTRY	3
56	AMOUR	KISHANGANJ	DEVELOPMENT	4
57	BAISI	KISHANGANJ	EMPLOYMENT 	3
57	BAISI	KISHANGANJ	FLOOD	4
57	BAISI	KISHANGANJ	PERFORMANCE OF STATE GOVERNMENT	5
57	BAISI	KISHANGANJ	CANDIDATE	4
57	BAISI	KISHANGANJ	CORRUPTION	4
58	KASBA	PURNIA	DEVELOPMENT 	3
58	KASBA	PURNIA	EMPLOYMENT 	3
58	KASBA	PURNIA	INDUSTRY	3
58	KASBA	PURNIA	CANDIDATE	5
58	KASBA	PURNIA	CORRUPTION	5
59	BANMANKHI	PURNIA	DEVELOPMENT	4
59	BANMANKHI	PURNIA	EMPLOYMENT 	4
59	BANMANKHI	PURNIA	PERFORMANCE OF STATE GOVERNMENT	5
59	BANMANKHI	PURNIA	CANDIDATE	5
59	BANMANKHI	PURNIA	CORRUPTION	5
60	RUPAULI	PURNIA	CAST BASE FIGHT	3
60	RUPAULI	PURNIA	ROAD	5
60	RUPAULI	PURNIA	EMPLOYMENT	3
60	RUPAULI	PURNIA	CORRUPTION	4
61	DHAMDAHA	PURNIA	CASTE BASE FIGHT	3
61	DHAMDAHA	PURNIA	EMPLOYMENT 	3
61	DHAMDAHA	PURNIA	PERFORMANCE OF STATE GOVERNMENT	5
61	DHAMDAHA	PURNIA	CANDIDATE	5
61	DHAMDAHA	PURNIA	CORRUPTION	5
62	PURNIA	PURNIA	EMPLOYMENT	3
62	PURNIA	PURNIA	DEVELOPMENT	3
62	PURNIA	PURNIA	PERFORMANCE OF STATE GOVERNMENT	5
62	PURNIA	PURNIA	CANDIDATE	3
62	PURNIA	PURNIA	CORRUPTION	5
178	MOKAMA	MUNGER	DEVELOPMENT	5
178	MOKAMA	MUNGER	CRIME	8
178	MOKAMA	MUNGER	POVERTY	5
178	MOKAMA	MUNGER	CASTE POLRISATION	9
178	MOKAMA	MUNGER	CANDIDATE	9
179	BARH	MUNGER	DEVELOPMENT	5
179	BARH	MUNGER	CRIME	7
179	BARH	MUNGER	POVERTY	5
179	BARH	MUNGER	CASTE POLRISATION	9
179	BARH	MUNGER	CANDIDATE	9
180	BAKHTIARPUR	PATNA SAHIB	DEVELOPMENT	6
180	BAKHTIARPUR	PATNA SAHIB	CRIME	6
180	BAKHTIARPUR	PATNA SAHIB	POVERTY	5
180	BAKHTIARPUR	PATNA SAHIB	CASTE POLRISATION	9
180	BAKHTIARPUR	PATNA SAHIB	CANDIDATE	9
181	DIGHA	PATNA SAHIB	DEVELOPMENT	5
181	DIGHA	PATNA SAHIB	CRIME	8
181	DIGHA	PATNA SAHIB	POVERTY	5
181	DIGHA	PATNA SAHIB	CASTE POLRISATION	8
181	DIGHA	PATNA SAHIB	CANDIDATE	9
182	BANKIPUR	PATNA SAHIB	DEVELOPMENT	5
182	BANKIPUR	PATNA SAHIB	CRIME	5
182	BANKIPUR	PATNA SAHIB	POVERTY	5
182	BANKIPUR	PATNA SAHIB	CASTE POLRISATION	9
182	BANKIPUR	PATNA SAHIB	CANDIDATE	9
183	KUMHRAR	PATNA SAHIB	DEVELOPMENT	6
183	KUMHRAR	PATNA SAHIB	CRIME	5
183	KUMHRAR	PATNA SAHIB	POVERTY	5
183	KUMHRAR	PATNA SAHIB	CASTE POLRISATION	8
183	KUMHRAR	PATNA SAHIB	CANDIDATE	9
184	PATNA SAHIB	PATNA SAHIB	DEVELOPMENT	5
184	PATNA SAHIB	PATNA SAHIB	CRIME	8
184	PATNA SAHIB	PATNA SAHIB	POVERTY	5
184	PATNA SAHIB	PATNA SAHIB	CASTE POLRISATION	8
184	PATNA SAHIB	PATNA SAHIB	CANDIDATE	9
185	FATUHA	PATNA SAHIB	DEVELOPMENT	5
185	FATUHA	PATNA SAHIB	CRIME	5
185	FATUHA	PATNA SAHIB	POVERTY	5
185	FATUHA	PATNA SAHIB	CASTE POLRISATION	8
185	FATUHA	PATNA SAHIB	CANDIDATE	9
186	DANAPUR	PATALIPUTRA	DEVELOPMENT	5
186	DANAPUR	PATALIPUTRA	CRIME	8
186	DANAPUR	PATALIPUTRA	POVERTY	5
186	DANAPUR	PATALIPUTRA	CASTE POLRISATION	9
186	DANAPUR	PATALIPUTRA	CANDIDATE	9
187	MANER	PATALIPUTRA	DEVELOPMENT	5
187	MANER	PATALIPUTRA	CRIME	8
187	MANER	PATALIPUTRA	POVERTY	5
187	MANER	PATALIPUTRA	CASTE POLRISATION	9
187	MANER	PATALIPUTRA	CANDIDATE	9
188	PHULWARI	PATALIPUTRA	DEVELOPMENT	5
188	PHULWARI	PATALIPUTRA	CRIME	8
188	PHULWARI	PATALIPUTRA	POVERTY	5
188	PHULWARI	PATALIPUTRA	CASTE POLRISATION	9
188	PHULWARI	PATALIPUTRA	CANDIDATE	9
189	MASAURHI	PATALIPUTRA	DEVELOPMENT	5
189	MASAURHI	PATALIPUTRA	CRIME	8
189	MASAURHI	PATALIPUTRA	POVERTY	5
189	MASAURHI	PATALIPUTRA	CASTE POLRISATION	9
189	MASAURHI	PATALIPUTRA	CANDIDATE	9
190	PALIGANJ	PATALIPUTRA	DEVELOPMENT	5
190	PALIGANJ	PATALIPUTRA	CRIME	8
190	PALIGANJ	PATALIPUTRA	POVERTY	5
190	PALIGANJ	PATALIPUTRA	CASTE POLRISATION	9
190	PALIGANJ	PATALIPUTRA	CANDIDATE	9
190	PALIGANJ	PATALIPUTRA	DEVELOPMENT	5
190	PALIGANJ	PATALIPUTRA	CRIME	8
190	PALIGANJ	PATALIPUTRA	POVERTY	5
190	PALIGANJ	PATALIPUTRA	CASTE POLRISATION	8
190	PALIGANJ	PATALIPUTRA	CANDIDATE	9
